{"cameraMode":{"drawMode":0,"name":"Shaded","section":"Shading Mode"},"sceneLighting":true,"audioPlay":false,"sceneViewState":{"showFog":true,"showMaterialUpdate":false,"showSkybox":true,"showFlares":true,"showImageEffects":true,"showParticleSystems":true},"in2DMode":false,"pivot":{"x":-1.7836906909942628,"y":2.1729936599731447,"z":-1.2836661338806153},"rotation":{"x":-0.2620086669921875,"y":-0.2509208619594574,"z":0.07069028913974762,"w":-0.9292418956756592},"size":9.462897300720215,"orthographic":false}