{"cameraMode":{"drawMode":0,"name":"Shaded","section":"Shading Mode"},"sceneLighting":false,"audioPlay":false,"sceneViewState":{"showFog":true,"showMaterialUpdate":false,"showSkybox":false,"showFlares":true,"showImageEffects":true,"showParticleSystems":true},"in2DMode":false,"pivot":{"x":0.25,"y":1.4507181644439698,"z":-3.75600004196167},"rotation":{"x":-0.08512511104345322,"y":-0.27978333830833437,"z":0.024907654151320459,"w":-0.9559687376022339},"size":0.683357834815979,"orthographic":false}